"SENDER'S NAME,SENDER'S MESSAGE","BOT REPLY","TIME OF REPLY"
Rpvv Krishna,I am good what about you,I am fine as well,12:59:21
Rpvv Krishna,I am good what about you,I am fine as well,01:13:04

RPVV  Arpan,\n write krva le,ok,01:13:53

,Hello,"HELLO THERE
         how r u",07:32:10
,Hello,"HELLO THERE
         how r u",07:32:10
Myself,Hello,"HELLO THERE
         how r u",07:42:44

Myself,How are you,I am fine as well,07:43:25

Myself,Nice,very nice,07:44:05

Myself,Take care bye,ok,07:44:45


Documentation send krna,Documentation send krna,ok,08:39:20

RPVV Niti Mam (CS),Next week dekhungi,ok,08:41:10

Next week dekhungi,Yes,ok,08:44:37

RPVV Niti Mam (CS),Next week dekhungi,ok,08:45:31

RPVV Niti Mam (CS),Par theek h,ok,08:47:33
